post_id,timestamp,day_of_week,user_id,location,language,text_content,hashtags,mentions,keywords,topic_category,sentiment_score,emotion_type,toxicity_score,likes_count,shares_count,comments_count,impressions,engagement_rate,brand_name,product_name,campaign_name,campaign_phase,user_past_sentiment_avg,user_engagement_growth,buzz_change_rate,platform_Instagram,platform_Reddit,platform_Twitter,platform_YouTube,sentiment_label_Neutral,sentiment_label_Positive,total_engagement
kcqbs6hxybia,12/9/2024 11:26,Monday,user_52nwb0a6,"Melbourne, Australia",pt,Just tried the Chromebook from Google. Best purchase ever. #Food Really interested in hearing your thoughts!,#Food,,"price, unique, traditional, efficient",Pricing,0.9826,Confused,0.0376,0.2521792012973849,0.8554033485540334,0.6983471074380165,18991,0.19319,Google,Chromebook,BlackFriday,Launch,0.0953,-0.3672,19.1,True,False,False,False,False,True,1.805929657289435
vkmervg4ioos,7/28/2024 19:59,Sunday,user_ucryct98,"Tokyo, Japan",ru,"Just saw an ad for Microsoft Surface Laptop during the SpringBlast2025. Not worth the money. #MustHave, #Food","#MustHave, #Food","@CustomerService, @BrandCEO","delivery, slow",Delivery,-0.3793,Angry,0.9715,0.10176363267788364,0.9056316590563166,0.3450413223140496,52764,0.05086,Microsoft,Surface Laptop,PowerRelease,Post-Launch,0.1369,-0.451,-42.6,False,False,True,False,False,False,1.3524366140482498
memhx4o1x6yu,11/23/2024 14:00,Saturday,user_7rrev126,"Beijing, China",ru,"What's your opinion about Nike's Epic React?  #Promo, #Food, #Trending Really interested in hearing your thoughts!","#Promo, #Food, #Trending",,"reliable, budget, durable, experience",Product,-0.3596,Confused,0.5124,0.5410500709507399,0.3485540334855403,0.6384297520661157,8887,0.45425,Nike,Epic React,BlackFriday,Post-Launch,0.2855,-0.4112,17.4,False,True,False,False,False,False,1.5280338565023959
bhyo6piijqt9,9/16/2024 4:35,Monday,user_4mxuq0ax,"Lagos, Nigeria",en,"Bummed out with my new Diet Pepsi from Pepsi! Disappointed with the quality. #Reviews, #Sustainable","#Reviews, #Sustainable","@StyleGuide, @BrandSupport","improved, competitive, luxury, fast",Delivery,-0.7282,Sad,0.4002,0.36630853436042976,0.12379502790461694,0.7417355371900827,6696,0.42293,Pepsi,Diet Pepsi,LaunchWave,Launch,-0.2094,-0.0167,-5.5,False,False,False,True,False,False,1.2318390994551294
c9dkiomowakt,9/5/2024 21:03,Thursday,user_l1vpox2k,"Berlin, Germany",hi,"Just tried the Corolla from Toyota. Absolutely loving it. #Health, #Travel Really interested in hearing your thoughts!","#Health, #Travel","@BrandSupport, @InfluencerName","innovation, budget, helpful, luxury",Product,0.546,Happy,0.0862,0.40239205351712953,0.7229832572298326,0.7004132231404959,47315,0.08773,Toyota,Corolla,LocalTouchpoints,Launch,0.6867,0.0807,38.8,False,False,True,False,False,True,1.825788533887458
e8rzr949rzkr,7/28/2024 3:21,Sunday,user_jzvf44eq,"Seoul, South Korea",pt,Nike PowerRelease is subpar! Can't wait to see what's coming next. #Discount Curious about your experience too.,#Discount,,"fast, outdated, luxury, disappointing",Pricing,-0.5007,Excited,0.7113,0.7719440502736671,0.37189244038559105,0.4297520661157025,7734,0.64908,Nike,React,CyberMonday,Pre-Launch,0.9095,-0.4563,16.0,False,True,False,False,False,False,1.5735885567749608
32qywmjy84gk,8/21/2024 17:02,Wednesday,user_hpr07vl1,"Madrid, Spain",ja,"Not sure why with my new Pepsi Wild Cherry from Pepsi! Not worth the money. #Quality, #Promo, #Limited","#Quality, #Promo, #Limited",,"improved, unique, premium, durable",Support,-0.5339,Confused,0.4716,0.5663896209203324,0.07864028411973617,0.9803719008264463,24542,0.16139,Pepsi,Pepsi Wild Cherry,GlobalCampaign,Launch,-0.9263,-0.081,-13.4,True,False,False,False,False,False,1.625401805866515
wu063ci6mizp,1/27/2025 16:09,Monday,user_2es9a4lv,"São Paulo, Brazil",es,"Just saw an ad for Coca-Cola Coke Zero during the LaunchWave. Worth every penny. #MustHave, #Discount","#MustHave, #Discount","@MarketingTeam, @InfluencerName","efficient, innovation, performance",Pricing,0.2034,Sad,0.7902,0.10358808027569431,0.9999999999999999,0.005165289256198347,57406,0.04442,Coca-Cola,Coke Zero,CustomerFirst,Post-Launch,-0.9831,0.2152,89.7,False,True,False,False,False,True,1.1087533695318925
9q2i3owe4tv9,11/29/2024 17:03,Friday,user_omh7bn2t,"Milan, Italy",ru,"Just tried the Coke Zero from Coca-Cola. Absolutely loving it. #Deal, #Fashion Would love to get your feedback!","#Deal, #Fashion",@TrendSetter,"sustainable, competitive",Delivery,0.8189,Excited,0.6659,0.28603284005676055,0.1780821917808219,1.0,85296,0.03274,Coca-Cola,Coke Zero,SpringBlast2025,Launch,-0.8119,-0.1949,-29.0,False,True,False,False,False,True,1.4641150318375824
gkyad7r8w6g5,2/27/2025 23:21,Thursday,user_kp84hgj9,"Houston, USA",es,"My one week review of Google Pixel Watch: Disappointed with the quality. #Tech, #SpecialOffer Curious about your experience too.","#Tech, #SpecialOffer",@BrandSupport,"disappointing, excellent, cheap",Returns,-0.6546,Excited,0.8958,0.42813703628623556,0.6047691527143582,0.8212809917355373,61572,0.06759,Google,Pixel Watch,CyberMonday,Launch,-0.1217,0.139,-56.6,False,False,False,True,False,False,1.854187180736131
86ebsz8kvswz,7/24/2024 4:26,Wednesday,user_t5kakkl8,"Milan, Italy",hi,"Just tried the Halo Band from Amazon. Best purchase ever. #Eco, #Lifestyle Let me know what you think!","#Eco, #Lifestyle",,"outdated, quality",Pricing,0.6971,Angry,0.0054,0.795459152645449,0.2749873160832065,0.22933884297520662,98060,0.04844,Amazon,Halo Band,HolidaySpecial,Pre-Launch,-0.3424,-0.1299,39.6,False,False,False,True,False,True,1.299785311703862
ypoxja7by9a8,5/26/2024 13:04,Sunday,user_kijc9hdd,"Johannesburg, South Africa",pt,"Any advice about Google's Pixel Buds? @MarketingTeam, @CelebrityName #Fitness Curious about your experience too.",#Fitness,"@MarketingTeam, @CelebrityName","poor, improved",Product,0.3591,Confused,0.9415,0.3292114332049463,0.6113647894469812,0.3223140495867769,9081,0.35282,Google,Pixel Buds,HolidaySpecial,Post-Launch,0.3807,-0.2558,-45.5,False,False,True,False,False,True,1.2628902722387045
82sqiubyyelj,12/27/2024 12:51,Friday,user_9r334w6e,"Mexico City, Mexico",hi,"Pepsi NewYearNewYou is excellent! Can't wait to see what's coming next. #Trending, #Discount, #Tech Let me know what you think!","#Trending, #Discount, #Tech",,"innovation, quality, cheap, stylish",Marketing,0.4671,Sad,0.5449,0.758767484289479,0.6367326230339928,0.004132231404958678,32363,0.1565,Pepsi,Crystal Pepsi,GlobalCampaign,Pre-Launch,-0.0749,0.4283,92.8,False,False,False,True,False,True,1.3996323387284306
9zdv0moeuz23,9/29/2024 19:20,Sunday,user_asjb8l5s,"Toronto, Canada",de,"Just unboxed my new Halo Band from Amazon. It's okay. Thrilled #ProductLaunch, #Health Curious about your experience too.","#ProductLaunch, #Health",,"efficient, sustainable, poor",Support,-0.0812,Excited,0.1196,0.757956618690452,0.6981227803145611,0.7675619834710744,14883,0.39783,Amazon,Halo Band,ValentinesDeals,Launch,0.8876,0.1927,23.1,False,False,False,False,True,False,2.2236413824760874
oklsbgbowh1x,8/30/2024 2:56,Friday,user_qq52pl85,"Shanghai, China",pt,"Comparing Samsung Galaxy S25 to the competition. Not worth the money. #Premium, #Reviews, #Food Really interested in hearing your thoughts!","#Premium, #Reviews, #Food","@CelebrityName, @BrandSupport","luxury, fast",Pricing,-0.3783,Confused,0.2092,0.9391850800729779,0.4606798579401319,0.7479338842975207,40376,0.15672,Samsung,Galaxy S25,InnovationX,Launch,-0.7769,0.2131,85.1,False,False,True,False,False,False,2.1477988223106306
atmhw74hez00,3/8/2025 19:17,Saturday,user_iguof7wd,"Los Angeles, USA",ru,"Just unboxed my new Surface Duo from Microsoft. Disappointed with the quality. Can't contain my excitement #Discount, #Eco","#Discount, #Eco",,"stylish, efficient, customer, experience",Support,-0.2437,Excited,0.8697,0.9750658828299209,0.3820395738203957,0.6549586776859504,5940,1.05387,Microsoft,Surface Duo,LocalTouchpoints,Launch,-0.1062,-0.2416,-42.2,True,False,False,False,False,False,2.012064134336267
92e3b7jxq33k,10/9/2024 9:30,Wednesday,user_8sjedyha,"Lyon, France",pt,Attended the Microsoft GlobalCampaign event yesterday. Wouldn't recommend. #Affordable Really interested in hearing your thoughts!,#Affordable,@CustomerService,"fast, modern, experience",Returns,-0.5251,Confused,0.7311,0.33022501520373,0.0,0.06921487603305786,12197,0.14421,Microsoft,Xbox Series X,PowerRelease,Pre-Launch,-0.2424,-0.4858,-47.7,False,False,False,True,False,False,0.39943989123678786
w89ng3lkf85x,6/27/2024 5:16,Thursday,user_t7iq5b8i,"São Paulo, Brazil",es,Should I upgrade about Microsoft's Xbox Series X?  #BestValue Curious about your experience too.,#BestValue,,"price, budget, luxury, traditional",Pricing,0.6485,Angry,0.4332,0.053719845935536185,0.7427701674277016,0.4638429752066116,52167,0.04295,Microsoft,Xbox Series X,WinterWonders,Launch,-0.4544,0.1832,-37.6,False,False,False,False,False,True,1.2603329885698493
ft6t9hg5wy4x,9/4/2024 7:07,Wednesday,user_zv0mlw00,"Houston, USA",fr,"Has anyone else experienced customer service with Coca-Cola's Coca-Cola Vanilla? As expected. @CompetitorBrand, @RetailSupport #ProductLaunch, #Affordable","#ProductLaunch, #Affordable","@CompetitorBrand, @RetailSupport","value, innovation",Support,-0.1427,Happy,0.4389,0.3736063247516724,0.3470319634703196,0.43388429752066116,98696,0.03049,Coca-Cola,Coca-Cola Vanilla,NewYearNewYou,Launch,0.3694,0.4349,-87.6,True,False,False,False,True,False,1.154522585742653
fxtgqergvwi3,5/18/2024 16:33,Saturday,user_8t4e9hnl,"Paris, France",ar,"Has anyone else experienced delivery delays with Pepsi's Pepsi Max? Returning it ASAP. @BrandSupport #SpecialOffer, #Promo","#SpecialOffer, #Promo",@BrandSupport,"disappointing, outdated, budget, user-friendly",Product,-0.2965,Angry,0.7546,0.38881005473342795,0.0684931506849315,0.9338842975206612,43683,0.06913,Pepsi,Pepsi Max,WinterWonders,Launch,-0.0181,0.1261,-73.9,False,True,False,False,False,False,1.3911875029390206
wlwr29rju5j1,5/3/2024 17:43,Friday,user_1c4iiuyo,"Houston, USA",fr,"My two days review of Toyota Highlander: Not worth the money. #MustHave, #Limited Let me know what you think!","#MustHave, #Limited",,"expensive, durable, innovation, competitive",Delivery,-0.7708,Excited,0.1658,0.3219136428137036,0.289193302891933,0.1487603305785124,14255,0.1659,Toyota,Highlander,SummerDreams,Pre-Launch,0.5726,-0.337,-26.8,False,False,False,True,False,False,0.759867276284149
8k0ih67gu4sq,9/26/2024 3:43,Thursday,user_48zlloay,"Berlin, Germany",ru,"Has anyone else experienced connectivity issues with Coca-Cola's Coca-Cola Vanilla? Mixed feelings about it. @ProductTeam, @RetailSupport #Innovation",#Innovation,"@ProductTeam, @RetailSupport","eco-friendly, innovation, reliable",Returns,0.1441,Excited,0.2738,0.021285221974457737,0.2719431760527651,0.12293388429752067,448,1.83705,Coca-Cola,Coca-Cola Vanilla,PowerRelease,Pre-Launch,-0.3357,0.3873,-51.7,False,True,False,False,True,False,0.4161622823247435
s3jm9lrx9f12,10/23/2024 5:30,Wednesday,user_2623g2ql,"Beijing, China",ar,"Attended the Adidas FallCollection event yesterday. Returning it ASAP. #Food, #TrendAlert Really interested in hearing your thoughts!","#Food, #TrendAlert",,"amazing, poor, innovation, stylish",Marketing,-0.8472,Excited,0.8112,0.5422663693492803,0.16793505834601724,0.9576446280991736,55896,0.07148,Adidas,Predator,SustainableFuture,Launch,0.2809,0.4181,-3.2,False,False,True,False,False,False,1.6678460557944712
22w19kpfp2ka,12/12/2024 6:07,Thursday,user_a0z421ii,"Manchester, UK",pt,"Just saw an ad for Toyota RAV4 during the CustomerFirst. Not bad. #Reviews, #Sale Really interested in hearing your thoughts!","#Reviews, #Sale","@BrandSupport, @NewsOutlet","cheap, slow, durable, amazing",Returns,-0.175,Excited,0.0649,0.07115345631461585,0.34906139015728055,0.2747933884297521,93013,0.0147,Toyota,RAV4,EarthDay,Pre-Launch,0.3099,0.3984,99.2,False,True,False,False,True,False,0.6950082349016484
4z5prni04izu,5/27/2024 10:46,Monday,user_6u4ynijx,"Lagos, Nigeria",zh,My one week review of Pepsi Pepsi Max: Disappointed with the quality. #TrendAlert Let me know what you think!,#TrendAlert,,"excellent, budget",Pricing,-0.3118,Sad,0.0274,0.31846746401783904,0.30492135971588025,0.0743801652892562,48676,0.04739,Pepsi,Pepsi Max,BackToSchool,Pre-Launch,-0.3005,0.2966,-18.6,True,False,False,False,False,False,0.6977689890229755
p6oejykhfip9,8/18/2024 4:27,Sunday,user_pb7yixll,"Dubai, UAE",de,Anyone have tips about Microsoft's Xbox Elite Controller?  #Beauty Would love to get your feedback!,#Beauty,,"performance, satisfaction, upgraded",Returns,0.5704,Angry,0.0007,0.21629839854044192,0.19279553526128868,0.10847107438016529,55434,0.02913,Microsoft,Xbox Elite Controller,DigitalTransformation,Pre-Launch,0.3115,-0.3846,1.3,False,False,False,True,False,True,0.5175650081818959
j19g5e2sqqch,3/31/2025 23:56,Monday,user_o8yuaoqg,"Houston, USA",es,Just unboxed my new Surface Laptop from Microsoft. Disappointed with the quality. So happy #Premium,#Premium,"@CelebrityName, @RetailSupport","quality, upgraded, modern, slow",Returns,-0.9966,Happy,0.7518,0.7307926211230489,0.6757990867579908,0.8987603305785125,12541,0.46806,Microsoft,Surface Laptop,ValentinesDeals,Launch,0.504,-0.0119,-80.9,False,False,False,True,False,False,2.305352038459552
ssr74xwytax1,10/15/2024 5:09,Tuesday,user_3gzwnqyf,"Munich, Germany",zh,Coca-Cola CyberMonday is frustrating! Can't wait to see what's coming next. #Innovation Would love to get your feedback!,#Innovation,"@StyleGuide, @MarketingTeam","helpful, innovation, stylish, satisfaction",Returns,-0.8259,Angry,0.4899,0.7443746199067505,0.5712836123795028,0.2582644628099174,89073,0.05737,Coca-Cola,Coca-Cola Cherry,HolidaySpecial,Launch,0.3418,-0.0096,-87.7,False,False,False,True,False,False,1.5739226950961707
22g96ac6xxzj,5/18/2024 10:06,Saturday,user_epwqc2lp,"Houston, USA",es,"Has anyone else experienced connectivity issues with Apple's MacBook Pro? Worth every penny. @BrandCEO, @CustomerService #NewRelease, #Reviews","#NewRelease, #Reviews","@BrandCEO, @CustomerService","premium, eco-friendly, satisfaction, responsive",Pricing,0.5349,Happy,0.865,1.0,0.6169457128361238,0.7107438016528926,63835,0.10809,Apple,MacBook Pro,BlackFriday,Pre-Launch,-0.8917,-0.3792,3.7,False,True,False,False,False,True,2.327689514489016
u4sa9z41ahpt,6/5/2024 2:01,Wednesday,user_kdepigo5,"Melbourne, Australia",es,"Cannot believe with my new iMac from Apple! Disappointed with the quality. #NewRelease, #Beauty Really interested in hearing your thoughts!","#NewRelease, #Beauty",@IndustryExpert,"delivery, premium, performance, outdated",Marketing,-0.6738,Angry,0.8946,0.0,0.649923896499239,0.5289256198347108,18937,0.098,Apple,iMac,InnovationX,Pre-Launch,-0.1435,0.4842,77.3,False,False,False,False,False,False,1.1788495163339499
umhccxz9lqgj,2/14/2025 15:09,Friday,user_mwtruipt,"Manchester, UK",es,"Just tried the Ring Camera from Amazon. Does the job. #Affordable, #Sustainable, #Beauty Really interested in hearing your thoughts!","#Affordable, #Sustainable, #Beauty",,"fast, luxury, satisfaction",Pricing,-0.0878,Sad,0.0652,0.5507804581390634,0.2917300862506342,0.8987603305785125,66941,0.06311,Amazon,Ring Camera,HolidaySpecial,Pre-Launch,-0.8745,0.2452,39.0,False,False,True,False,True,False,1.74127087496821
msavu7mzvob2,5/4/2024 1:07,Saturday,user_w9frojsj,"Mexico City, Mexico",de,"Has anyone else experienced software bugs with Google's Nest Hub? Worth every penny. @ReviewSite, @BrandSupport #Health, #Deal","#Health, #Deal","@ReviewSite, @BrandSupport","user-friendly, premium",Support,0.5117,Excited,0.7987,0.9365497668761403,0.45865043125317095,0.21900826446280994,66615,0.08705,Google,Nest Hub,ReferralBonus,Post-Launch,-0.9861,0.4147,54.7,False,False,True,False,False,True,1.6142084625921211
8g430tw7xly2,4/23/2025 6:53,Wednesday,user_nx6rmizt,"Osaka, Japan",zh,"Has anyone else experienced software bugs with Toyota's Sienna? Worth every penny. @InfluencerName #Lifestyle, #Sale, #TrendAlert","#Lifestyle, #Sale, #TrendAlert",@InfluencerName,"luxury, eco-friendly, price, cheap",Marketing,0.9486,Happy,0.768,0.3922562335292925,0.7584982242516488,0.59400826446281,83370,0.04879,Toyota,Sienna,LaunchWave,Post-Launch,-0.0006,-0.4608,9.2,False,False,True,False,False,True,1.7447627222437512
9fi7edo1vekz,1/25/2025 23:02,Saturday,user_z9zzi99c,"New York, USA",hi,"Just unboxed my new Dri-FIT from Nike. Wouldn't recommend. Could someone explain #SpecialOffer, #Sale Curious about your experience too.","#SpecialOffer, #Sale",@ReviewSite,"disappointing, competitive, delivery, experience",Delivery,-0.4788,Confused,0.0467,0.48895195621325765,0.8432267884322678,0.22520661157024796,49506,0.08796,Nike,Dri-FIT,HolidaySpecial,Post-Launch,-0.4698,0.3882,68.6,False,False,False,True,False,False,1.5573853562157736
xj9ku39j30tr,10/23/2024 23:01,Wednesday,user_11vew00l,"Los Angeles, USA",es,Pepsi LoyaltyRewards is excellent! Can't wait to see what's coming next. #Sustainable Curious about your experience too.,#Sustainable,,"competitive, experience, price, delivery",Marketing,0.9978,Confused,0.3941,0.16703831339955402,0.8822932521562658,0.13739669421487605,57508,0.04797,Pepsi,Pepsi Max,SummerDreams,Launch,0.9264,-0.0282,58.4,False,False,False,True,False,True,1.1867282597706958
642fmlinklpt,12/2/2024 18:08,Monday,user_z2r9v1ms,"Los Angeles, USA",es,"Just saw an ad for Nike FlyKnit during the LoyaltyRewards. Had issues with it. #Sale, #Affordable, #TrendAlert","#Sale, #Affordable, #TrendAlert",,"efficient, design, satisfaction",Delivery,-0.8574,Excited,0.0457,0.2235961889316846,0.35362760020294265,0.978305785123967,29735,0.0945,Nike,FlyKnit,NewYearNewYou,Post-Launch,0.2889,-0.0493,-24.9,False,False,False,True,False,False,1.5555295742585944
3wiukvbleo3w,10/8/2024 5:45,Tuesday,user_5g5h720m,"New York, USA",ar,"Just unboxed my new Galaxy Z Fold from Samsung. Not worth the money. So happy #Promo, #Eco, #Beauty","#Promo, #Eco, #Beauty","@InfluencerName, @TechHelp","amazing, service",Pricing,-0.6618,Happy,0.3915,0.52300831137239,0.27143581938102485,0.703512396694215,84507,0.04566,Samsung,Galaxy Z Fold,CyberMonday,Post-Launch,-0.9374,0.3325,-9.2,False,True,False,False,False,False,1.4979565274476299
hg5b2snbiwbe,1/2/2025 4:25,Thursday,user_r4gu3ded,"Houston, USA",ja,"My one week review of Toyota Camry: Not bad. #Affordable, #TrendAlert, #CustomerService Let me know what you think!","#Affordable, #TrendAlert, #CustomerService",@CompetitorBrand,"excellent, user-friendly, service",Product,0.1604,Happy,0.7067,0.4938171498074194,0.7067478437341451,0.7706611570247934,57040,0.08131,Toyota,Camry,GlobalCampaign,Pre-Launch,-0.718,-0.06,-58.8,False,True,False,False,True,False,1.971226150566358
9dlp6yk1t3dx,9/15/2024 1:01,Sunday,user_suqwovlv,"Shanghai, China",de,"Just saw an ad for Adidas Yeezy during the PowerRelease. Not bad. #Lifestyle, #Tech, #Exclusive","#Lifestyle, #Tech, #Exclusive","@IndustryExpert, @StyleGuide","service, satisfaction, sustainable, budget",Pricing,0.0924,Sad,0.8863,0.3833367119399959,0.2267884322678843,0.8006198347107438,6623,0.47954,Adidas,Yeezy,BlackFriday,Pre-Launch,-0.0801,0.2184,-15.6,False,False,False,False,True,False,1.4107449789186242
rru0wpvzfdko,6/17/2024 9:00,Monday,user_krbg23md,"Barcelona, Spain",ja,"So happy with my new Surface Duo from Microsoft! Highly recommend. #Promo, #Premium, #Fashion Really interested in hearing your thoughts!","#Promo, #Premium, #Fashion","@RetailSupport, @CelebrityName","innovation, excellent, budget",Product,0.6216,Happy,0.2991,0.9106020677072775,0.045662100456621,0.0,30738,0.15111,Microsoft,Surface Duo,SummerSale,Post-Launch,-0.5088,-0.4581,51.5,False,False,False,False,False,True,0.9562641681638985
mwn0zp8v9afj,8/4/2024 5:15,Sunday,user_i6k7huo7,"Mumbai, India",hi,Pepsi CustomerFirst is excellent! Can't wait to see what's coming next. #Sustainable Let me know what you think!,#Sustainable,@IndustryExpert,"reliable, design, delivery, slow",Support,0.6683,Angry,0.7364,0.9809446584228664,0.7321156773211567,0.6136363636363636,82045,0.08457,Pepsi,Pepsi Lime,LocalTouchpoints,Post-Launch,-0.6342,-0.2033,83.8,False,False,False,True,False,True,2.3266966993803866
3itita1fbq1e,11/1/2024 14:16,Friday,user_njtvacei,"Dubai, UAE",fr,"Just tried the Galaxy S25 from Samsung. Absolutely loving it. #Health, #Eco, #Travel Would love to get your feedback!","#Health, #Eco, #Travel","@TechHelp, @RetailSupport","outdated, design, eco-friendly",Pricing,0.5536,Confused,0.9897,0.4913845530103385,0.3115169964485033,0.34917355371900827,3453,0.99594,Samsung,Galaxy S25,BackToSchool,Launch,0.0352,0.4811,-3.7,False,False,False,True,False,True,1.1520751031778502
tq6penfzk0zh,2/26/2025 18:16,Wednesday,user_p21h3xrh,"Beijing, China",hi,My one month review of Microsoft Xbox Series X: It's okay. #Trending Curious about your experience too.,#Trending,"@RetailSupport, @ReviewSite","reliable, outdated",Support,0.065,Confused,0.2624,0.5001013581998783,0.8285134449518011,0.4535123966942149,30258,0.15209,Microsoft,Xbox Series X,LaunchWave,Post-Launch,0.3451,-0.1186,90.5,False,False,True,False,True,False,1.7821271998458943
insiib05z27t,7/9/2024 10:43,Tuesday,user_7q8p4w3c,"Munich, Germany",en,"What's your opinion about Pepsi's Crystal Pepsi? @TrendSetter, @CustomerService #Fitness Really interested in hearing your thoughts!",#Fitness,"@TrendSetter, @CustomerService","outdated, expensive, innovation, helpful",Product,0.7558,Sad,0.1292,0.6312588688424894,0.47691527143581935,0.7293388429752067,48680,0.09907,Pepsi,Crystal Pepsi,CyberMonday,Post-Launch,0.6693,0.2955,75.8,False,False,False,False,False,True,1.8375129832535153
e6rc1tazqq8d,10/15/2024 5:55,Tuesday,user_wxxcbas9,"Chicago, USA",fr,Amazon SpringBlast2025 is frustrating! Can't wait to see what's coming next. #Health Let me know what you think!,#Health,@InfluencerName,"cheap, disappointing, durable, outdated",Product,-0.2964,Sad,0.0081,0.17757956618690454,0.14713343480466767,0.9545454545454546,78810,0.02731,Amazon,Ring Camera,FallCollection,Launch,0.0434,-0.1659,48.0,False,False,False,False,False,False,1.2792584555370268
z33gsi0f3qzk,12/13/2024 18:06,Friday,user_ul2vi1ic,"Johannesburg, South Africa",fr,Comparing Amazon Echo Dot to the competition. Not worth the money. #MustHave Really interested in hearing your thoughts!,#MustHave,@BrandSupport,"sustainable, quality",Returns,-0.7391,Excited,0.0575,0.6188931684573282,0.5494672754946727,0.9700413223140496,68457,0.07505,Amazon,Echo Dot,DigitalTransformation,Launch,-0.3978,-0.0701,-95.0,False,False,False,True,False,False,2.1384017662660506
y5s5uvkss1nb,9/19/2024 23:18,Thursday,user_sgahdste,"Manchester, UK",pt,"Has anyone else experienced connectivity issues with Nike's Dri-FIT? Absolutely loving it. @NewsOutlet #Fitness, #CustomerService","#Fitness, #CustomerService",@NewsOutlet,"reliable, sustainable, improved",Product,0.4544,Excited,0.8924,0.7561321710926414,0.1004566210045662,0.6363636363636364,15193,0.30323,Nike,Dri-FIT,InnovationX,Post-Launch,0.5095,-0.0406,-8.0,False,True,False,False,False,True,1.492952428460844
i3okbf14iilu,3/13/2025 12:15,Thursday,user_790dw1c4,"Vancouver, Canada",ru,"Just saw an ad for Adidas Ultraboost during the SpringBlast2025. Had issues with it. #Quality, #TrendAlert","#Quality, #TrendAlert",@CustomerService,"eco-friendly, helpful, budget",Product,-0.7748,Excited,0.7995,0.45489560105412524,0.42820903094875695,0.08367768595041322,41407,0.07805,Adidas,Ultraboost,ValentinesDeals,Pre-Launch,0.5378,-0.3747,89.5,False,True,False,False,False,False,0.9667823179532954
hw285tvtxgjc,9/24/2024 7:21,Tuesday,user_uj8uec7a,"Vancouver, Canada",fr,"Just tried the Coca-Cola Cherry from Coca-Cola. Wouldn't recommend. #Promo, #Exclusive, #ProductLaunch Curious about your experience too.","#Promo, #Exclusive, #ProductLaunch",,"slow, excellent, outdated, customer",Delivery,-0.7418,Confused,0.9167,0.6764646259882424,0.8817858954845256,0.7995867768595042,46507,0.12712,Coca-Cola,Coca-Cola Cherry,CyberMonday,Post-Launch,-0.5029,0.3447,83.7,False,True,False,False,False,False,2.357837298332272
