post_id,timestamp,day_of_week,platform,user_id,location,language,text_content,hashtags,mentions,keywords,topic_category,sentiment_score,sentiment_label,emotion_type,toxicity_score,likes_count,shares_count,comments_count,impressions,engagement_rate,brand_name,product_name,campaign_name,campaign_phase,user_past_sentiment_avg,user_engagement_growth,buzz_change_rate
kcqbs6hxybia,12/9/2024 11:26,Monday,Instagram,user_52nwb0a6,"Melbourne, Australia",pt,Just tried the Chromebook from Google. Best purchase ever. #Food Really interested in hearing your thoughts!,#Food,,"price, unique, traditional, efficient",Pricing,0.9826,Positive,Confused,0.0376,1264,1704,701,18991,0.19319,Google,Chromebook,BlackFriday,Launch,0.0953,-0.3672,19.1
vkmervg4ioos,7/28/2024 19:59,Sunday,Twitter,user_ucryct98,"Tokyo, Japan",ru,"Just saw an ad for Microsoft Surface Laptop during the SpringBlast2025. Not worth the money. #MustHave, #Food","#MustHave, #Food","@CustomerService, @BrandCEO","delivery, slow",Delivery,-0.3793,Negative,Angry,0.9715,522,1803,359,52764,0.05086,Microsoft,Surface Laptop,PowerRelease,Post-Launch,0.1369,-0.451,-42.6
memhx4o1x6yu,11/23/2024 14:00,Saturday,Reddit,user_7rrev126,"Beijing, China",ru,"What's your opinion about Nike's Epic React?  #Promo, #Food, #Trending Really interested in hearing your thoughts!","#Promo, #Food, #Trending",,"reliable, budget, durable, experience",Product,-0.3596,Negative,Confused,0.5124,2689,705,643,8887,0.45425,Nike,Epic React,BlackFriday,Post-Launch,0.2855,-0.4112,17.4
bhyo6piijqt9,9/16/2024 4:35,Monday,YouTube,user_4mxuq0ax,"Lagos, Nigeria",en,"Bummed out with my new Diet Pepsi from Pepsi! Disappointed with the quality. #Reviews, #Sustainable","#Reviews, #Sustainable","@StyleGuide, @BrandSupport","improved, competitive, luxury, fast",Delivery,-0.7282,Negative,Sad,0.4002,1827,262,743,6696,0.42293,Pepsi,Diet Pepsi,LaunchWave,Launch,-0.2094,-0.0167,-5.5
c9dkiomowakt,9/5/2024 21:03,Thursday,Twitter,user_l1vpox2k,"Berlin, Germany",hi,"Just tried the Corolla from Toyota. Absolutely loving it. #Health, #Travel Really interested in hearing your thoughts!","#Health, #Travel","@BrandSupport, @InfluencerName","innovation, budget, helpful, luxury",Product,0.546,Positive,Happy,0.0862,2005,1443,703,47315,0.08773,Toyota,Corolla,LocalTouchpoints,Launch,0.6867,0.0807,38.8
e8rzr949rzkr,7/28/2024 3:21,Sunday,Reddit,user_jzvf44eq,"Seoul, South Korea",pt,Nike PowerRelease is subpar! Can't wait to see what's coming next. #Discount Curious about your experience too.,#Discount,,"fast, outdated, luxury, disappointing",Pricing,-0.5007,Negative,Excited,0.7113,3828,751,441,7734,0.64908,Nike,React,CyberMonday,Pre-Launch,0.9095,-0.4563,16
32qywmjy84gk,8/21/2024 17:02,Wednesday,Instagram,user_hpr07vl1,"Madrid, Spain",ja,"Not sure why with my new Pepsi Wild Cherry from Pepsi! Not worth the money. #Quality, #Promo, #Limited","#Quality, #Promo, #Limited",,"improved, unique, premium, durable",Support,-0.5339,Negative,Confused,0.4716,2814,173,974,24542,0.16139,Pepsi,Pepsi Wild Cherry,GlobalCampaign,Launch,-0.9263,-0.081,-13.4
wu063ci6mizp,1/27/2025 16:09,Monday,Reddit,user_2es9a4lv,"São Paulo, Brazil",es,"Just saw an ad for Coca-Cola Coke Zero during the LaunchWave. Worth every penny. #MustHave, #Discount","#MustHave, #Discount","@MarketingTeam, @InfluencerName","efficient, innovation, performance",Pricing,0.2034,Positive,Sad,0.7902,531,1989,30,57406,0.04442,Coca-Cola,Coke Zero,CustomerFirst,Post-Launch,-0.9831,0.2152,89.7
9q2i3owe4tv9,11/29/2024 17:03,Friday,Reddit,user_omh7bn2t,"Milan, Italy",ru,"Just tried the Coke Zero from Coca-Cola. Absolutely loving it. #Deal, #Fashion Would love to get your feedback!","#Deal, #Fashion",@TrendSetter,"sustainable, competitive",Delivery,0.8189,Positive,Excited,0.6659,1431,369,993,85296,0.03274,Coca-Cola,Coke Zero,SpringBlast2025,Launch,-0.8119,-0.1949,-29
gkyad7r8w6g5,2/27/2025 23:21,Thursday,YouTube,user_kp84hgj9,"Houston, USA",es,"My one week review of Google Pixel Watch: Disappointed with the quality. #Tech, #SpecialOffer Curious about your experience too.","#Tech, #SpecialOffer",@BrandSupport,"disappointing, excellent, cheap",Returns,-0.6546,Negative,Excited,0.8958,2132,1210,820,61572,0.06759,Google,Pixel Watch,CyberMonday,Launch,-0.1217,0.139,-56.6
86ebsz8kvswz,7/24/2024 4:26,Wednesday,YouTube,user_t5kakkl8,"Milan, Italy",hi,"Just tried the Halo Band from Amazon. Best purchase ever. #Eco, #Lifestyle Let me know what you think!","#Eco, #Lifestyle",,"outdated, quality",Pricing,0.6971,Positive,Angry,0.0054,3944,560,247,98060,0.04844,Amazon,Halo Band,HolidaySpecial,Pre-Launch,-0.3424,-0.1299,39.6
ypoxja7by9a8,5/26/2024 13:04,Sunday,Twitter,user_kijc9hdd,"Johannesburg, South Africa",pt,"Any advice about Google's Pixel Buds? @MarketingTeam, @CelebrityName #Fitness Curious about your experience too.",#Fitness,"@MarketingTeam, @CelebrityName","poor, improved",Product,0.3591,Positive,Confused,0.9415,1644,1223,337,9081,0.35282,Google,Pixel Buds,HolidaySpecial,Post-Launch,0.3807,-0.2558,-45.5
82sqiubyyelj,12/27/2024 12:51,Friday,YouTube,user_9r334w6e,"Mexico City, Mexico",hi,"Pepsi NewYearNewYou is excellent! Can't wait to see what's coming next. #Trending, #Discount, #Tech Let me know what you think!","#Trending, #Discount, #Tech",,"innovation, quality, cheap, stylish",Marketing,0.4671,Positive,Sad,0.5449,3763,1273,29,32363,0.1565,Pepsi,Crystal Pepsi,GlobalCampaign,Pre-Launch,-0.0749,0.4283,92.8
9zdv0moeuz23,9/29/2024 19:20,Sunday,Facebook,user_asjb8l5s,"Toronto, Canada",de,"Just unboxed my new Halo Band from Amazon. It's okay. Thrilled #ProductLaunch, #Health Curious about your experience too.","#ProductLaunch, #Health",,"efficient, sustainable, poor",Support,-0.0812,Neutral,Excited,0.1196,3759,1394,768,14883,0.39783,Amazon,Halo Band,ValentinesDeals,Launch,0.8876,0.1927,23.1
oklsbgbowh1x,8/30/2024 2:56,Friday,Twitter,user_qq52pl85,"Shanghai, China",pt,"Comparing Samsung Galaxy S25 to the competition. Not worth the money. #Premium, #Reviews, #Food Really interested in hearing your thoughts!","#Premium, #Reviews, #Food","@CelebrityName, @BrandSupport","luxury, fast",Pricing,-0.3783,Negative,Confused,0.2092,4653,926,749,40376,0.15672,Samsung,Galaxy S25,InnovationX,Launch,-0.7769,0.2131,85.1
atmhw74hez00,3/8/2025 19:17,Saturday,Instagram,user_iguof7wd,"Los Angeles, USA",ru,"Just unboxed my new Surface Duo from Microsoft. Disappointed with the quality. Can't contain my excitement #Discount, #Eco","#Discount, #Eco",,"stylish, efficient, customer, experience",Support,-0.2437,Negative,Excited,0.8697,4830,771,659,5940,1.05387,Microsoft,Surface Duo,LocalTouchpoints,Launch,-0.1062,-0.2416,-42.2
92e3b7jxq33k,10/9/2024 9:30,Wednesday,YouTube,user_8sjedyha,"Lyon, France",pt,Attended the Microsoft GlobalCampaign event yesterday. Wouldn't recommend. #Affordable Really interested in hearing your thoughts!,#Affordable,@CustomerService,"fast, modern, experience",Returns,-0.5251,Negative,Confused,0.7311,1649,18,92,12197,0.14421,Microsoft,Xbox Series X,PowerRelease,Pre-Launch,-0.2424,-0.4858,-47.7
w89ng3lkf85x,6/27/2024 5:16,Thursday,Facebook,user_t7iq5b8i,"São Paulo, Brazil",es,Should I upgrade about Microsoft's Xbox Series X?  #BestValue Curious about your experience too.,#BestValue,,"price, budget, luxury, traditional",Pricing,0.6485,Positive,Angry,0.4332,285,1482,474,52167,0.04295,Microsoft,Xbox Series X,WinterWonders,Launch,-0.4544,0.1832,-37.6
ft6t9hg5wy4x,9/4/2024 7:07,Wednesday,Instagram,user_zv0mlw00,"Houston, USA",fr,"Has anyone else experienced customer service with Coca-Cola's Coca-Cola Vanilla? As expected. @CompetitorBrand, @RetailSupport #ProductLaunch, #Affordable","#ProductLaunch, #Affordable","@CompetitorBrand, @RetailSupport","value, innovation",Support,-0.1427,Neutral,Happy,0.4389,1863,702,445,98696,0.03049,Coca-Cola,Coca-Cola Vanilla,NewYearNewYou,Launch,0.3694,0.4349,-87.6
fxtgqergvwi3,5/18/2024 16:33,Saturday,Reddit,user_8t4e9hnl,"Paris, France",ar,"Has anyone else experienced delivery delays with Pepsi's Pepsi Max? Returning it ASAP. @BrandSupport #SpecialOffer, #Promo","#SpecialOffer, #Promo",@BrandSupport,"disappointing, outdated, budget, user-friendly",Product,-0.2965,Negative,Angry,0.7546,1938,153,929,43683,0.06913,Pepsi,Pepsi Max,WinterWonders,Launch,-0.0181,0.1261,-73.9
wlwr29rju5j1,5/3/2024 17:43,Friday,YouTube,user_1c4iiuyo,"Houston, USA",fr,"My two days review of Toyota Highlander: Not worth the money. #MustHave, #Limited Let me know what you think!","#MustHave, #Limited",,"expensive, durable, innovation, competitive",Delivery,-0.7708,Negative,Excited,0.1658,1608,588,169,14255,0.1659,Toyota,Highlander,SummerDreams,Pre-Launch,0.5726,-0.337,-26.8
8k0ih67gu4sq,9/26/2024 3:43,Thursday,Reddit,user_48zlloay,"Berlin, Germany",ru,"Has anyone else experienced connectivity issues with Coca-Cola's Coca-Cola Vanilla? Mixed feelings about it. @ProductTeam, @RetailSupport #Innovation",#Innovation,"@ProductTeam, @RetailSupport","eco-friendly, innovation, reliable",Returns,0.1441,Neutral,Excited,0.2738,125,554,144,448,1.83705,Coca-Cola,Coca-Cola Vanilla,PowerRelease,Pre-Launch,-0.3357,0.3873,-51.7
s3jm9lrx9f12,10/23/2024 5:30,Wednesday,Twitter,user_2623g2ql,"Beijing, China",ar,"Attended the Adidas FallCollection event yesterday. Returning it ASAP. #Food, #TrendAlert Really interested in hearing your thoughts!","#Food, #TrendAlert",,"amazing, poor, innovation, stylish",Marketing,-0.8472,Negative,Excited,0.8112,2695,349,952,55896,0.07148,Adidas,Predator,SustainableFuture,Launch,0.2809,0.4181,-3.2
22w19kpfp2ka,12/12/2024 6:07,Thursday,Reddit,user_a0z421ii,"Manchester, UK",pt,"Just saw an ad for Toyota RAV4 during the CustomerFirst. Not bad. #Reviews, #Sale Really interested in hearing your thoughts!","#Reviews, #Sale","@BrandSupport, @NewsOutlet","cheap, slow, durable, amazing",Returns,-0.175,Neutral,Excited,0.0649,371,706,291,93013,0.0147,Toyota,RAV4,EarthDay,Pre-Launch,0.3099,0.3984,99.2
4z5prni04izu,5/27/2024 10:46,Monday,Instagram,user_6u4ynijx,"Lagos, Nigeria",zh,My one week review of Pepsi Pepsi Max: Disappointed with the quality. #TrendAlert Let me know what you think!,#TrendAlert,,"excellent, budget",Pricing,-0.3118,Negative,Sad,0.0274,1591,619,97,48676,0.04739,Pepsi,Pepsi Max,BackToSchool,Pre-Launch,-0.3005,0.2966,-18.6
p6oejykhfip9,8/18/2024 4:27,Sunday,YouTube,user_pb7yixll,"Dubai, UAE",de,Anyone have tips about Microsoft's Xbox Elite Controller?  #Beauty Would love to get your feedback!,#Beauty,,"performance, satisfaction, upgraded",Returns,0.5704,Positive,Angry,0.0007,1087,398,130,55434,0.02913,Microsoft,Xbox Elite Controller,DigitalTransformation,Pre-Launch,0.3115,-0.3846,1.3
j19g5e2sqqch,3/31/2025 23:56,Monday,YouTube,user_o8yuaoqg,"Houston, USA",es,Just unboxed my new Surface Laptop from Microsoft. Disappointed with the quality. So happy #Premium,#Premium,"@CelebrityName, @RetailSupport","quality, upgraded, modern, slow",Returns,-0.9966,Negative,Happy,0.7518,3625,1350,895,12541,0.46806,Microsoft,Surface Laptop,ValentinesDeals,Launch,0.504,-0.0119,-80.9
ssr74xwytax1,10/15/2024 5:09,Tuesday,YouTube,user_3gzwnqyf,"Munich, Germany",zh,Coca-Cola CyberMonday is frustrating! Can't wait to see what's coming next. #Innovation Would love to get your feedback!,#Innovation,"@StyleGuide, @MarketingTeam","helpful, innovation, stylish, satisfaction",Returns,-0.8259,Negative,Angry,0.4899,3692,1144,275,89073,0.05737,Coca-Cola,Coca-Cola Cherry,HolidaySpecial,Launch,0.3418,-0.0096,-87.7
22g96ac6xxzj,5/18/2024 10:06,Saturday,Reddit,user_epwqc2lp,"Houston, USA",es,"Has anyone else experienced connectivity issues with Apple's MacBook Pro? Worth every penny. @BrandCEO, @CustomerService #NewRelease, #Reviews","#NewRelease, #Reviews","@BrandCEO, @CustomerService","premium, eco-friendly, satisfaction, responsive",Pricing,0.5349,Positive,Happy,0.865,4953,1234,713,63835,0.10809,Apple,MacBook Pro,BlackFriday,Pre-Launch,-0.8917,-0.3792,3.7
u4sa9z41ahpt,6/5/2024 2:01,Wednesday,Facebook,user_kdepigo5,"Melbourne, Australia",es,"Cannot believe with my new iMac from Apple! Disappointed with the quality. #NewRelease, #Beauty Really interested in hearing your thoughts!","#NewRelease, #Beauty",@IndustryExpert,"delivery, premium, performance, outdated",Marketing,-0.6738,Negative,Angry,0.8946,20,1299,537,18937,0.098,Apple,iMac,InnovationX,Pre-Launch,-0.1435,0.4842,77.3
umhccxz9lqgj,2/14/2025 15:09,Friday,Twitter,user_mwtruipt,"Manchester, UK",es,"Just tried the Ring Camera from Amazon. Does the job. #Affordable, #Sustainable, #Beauty Really interested in hearing your thoughts!","#Affordable, #Sustainable, #Beauty",,"fast, luxury, satisfaction",Pricing,-0.0878,Neutral,Sad,0.0652,2737,593,895,66941,0.06311,Amazon,Ring Camera,HolidaySpecial,Pre-Launch,-0.8745,0.2452,39
msavu7mzvob2,5/4/2024 1:07,Saturday,Twitter,user_w9frojsj,"Mexico City, Mexico",de,"Has anyone else experienced software bugs with Google's Nest Hub? Worth every penny. @ReviewSite, @BrandSupport #Health, #Deal","#Health, #Deal","@ReviewSite, @BrandSupport","user-friendly, premium",Support,0.5117,Positive,Excited,0.7987,4640,922,237,66615,0.08705,Google,Nest Hub,ReferralBonus,Post-Launch,-0.9861,0.4147,54.7
8g430tw7xly2,4/23/2025 6:53,Wednesday,Twitter,user_nx6rmizt,"Osaka, Japan",zh,"Has anyone else experienced software bugs with Toyota's Sienna? Worth every penny. @InfluencerName #Lifestyle, #Sale, #TrendAlert","#Lifestyle, #Sale, #TrendAlert",@InfluencerName,"luxury, eco-friendly, price, cheap",Marketing,0.9486,Positive,Happy,0.768,1955,1513,600,83370,0.04879,Toyota,Sienna,LaunchWave,Post-Launch,-0.0006,-0.4608,9.2
9fi7edo1vekz,1/25/2025 23:02,Saturday,YouTube,user_z9zzi99c,"New York, USA",hi,"Just unboxed my new Dri-FIT from Nike. Wouldn't recommend. Could someone explain #SpecialOffer, #Sale Curious about your experience too.","#SpecialOffer, #Sale",@ReviewSite,"disappointing, competitive, delivery, experience",Delivery,-0.4788,Negative,Confused,0.0467,2432,1680,243,49506,0.08796,Nike,Dri-FIT,HolidaySpecial,Post-Launch,-0.4698,0.3882,68.6
xj9ku39j30tr,10/23/2024 23:01,Wednesday,YouTube,user_11vew00l,"Los Angeles, USA",es,Pepsi LoyaltyRewards is excellent! Can't wait to see what's coming next. #Sustainable Curious about your experience too.,#Sustainable,,"competitive, experience, price, delivery",Marketing,0.9978,Positive,Confused,0.3941,844,1757,158,57508,0.04797,Pepsi,Pepsi Max,SummerDreams,Launch,0.9264,-0.0282,58.4
642fmlinklpt,12/2/2024 18:08,Monday,YouTube,user_z2r9v1ms,"Los Angeles, USA",es,"Just saw an ad for Nike FlyKnit during the LoyaltyRewards. Had issues with it. #Sale, #Affordable, #TrendAlert","#Sale, #Affordable, #TrendAlert",,"efficient, design, satisfaction",Delivery,-0.8574,Negative,Excited,0.0457,1123,715,972,29735,0.0945,Nike,FlyKnit,NewYearNewYou,Post-Launch,0.2889,-0.0493,-24.9
3wiukvbleo3w,10/8/2024 5:45,Tuesday,Reddit,user_5g5h720m,"New York, USA",ar,"Just unboxed my new Galaxy Z Fold from Samsung. Not worth the money. So happy #Promo, #Eco, #Beauty","#Promo, #Eco, #Beauty","@InfluencerName, @TechHelp","amazing, service",Pricing,-0.6618,Negative,Happy,0.3915,2600,553,706,84507,0.04566,Samsung,Galaxy Z Fold,CyberMonday,Post-Launch,-0.9374,0.3325,-9.2
hg5b2snbiwbe,1/2/2025 4:25,Thursday,Reddit,user_r4gu3ded,"Houston, USA",ja,"My one week review of Toyota Camry: Not bad. #Affordable, #TrendAlert, #CustomerService Let me know what you think!","#Affordable, #TrendAlert, #CustomerService",@CompetitorBrand,"excellent, user-friendly, service",Product,0.1604,Neutral,Happy,0.7067,2456,1411,771,57040,0.08131,Toyota,Camry,GlobalCampaign,Pre-Launch,-0.718,-0.06,-58.8
9dlp6yk1t3dx,9/15/2024 1:01,Sunday,Facebook,user_suqwovlv,"Shanghai, China",de,"Just saw an ad for Adidas Yeezy during the PowerRelease. Not bad. #Lifestyle, #Tech, #Exclusive","#Lifestyle, #Tech, #Exclusive","@IndustryExpert, @StyleGuide","service, satisfaction, sustainable, budget",Pricing,0.0924,Neutral,Sad,0.8863,1911,465,800,6623,0.47954,Adidas,Yeezy,BlackFriday,Pre-Launch,-0.0801,0.2184,-15.6
rru0wpvzfdko,6/17/2024 9:00,Monday,Facebook,user_krbg23md,"Barcelona, Spain",ja,"So happy with my new Surface Duo from Microsoft! Highly recommend. #Promo, #Premium, #Fashion Really interested in hearing your thoughts!","#Promo, #Premium, #Fashion","@RetailSupport, @CelebrityName","innovation, excellent, budget",Product,0.6216,Positive,Happy,0.2991,4512,108,25,30738,0.15111,Microsoft,Surface Duo,SummerSale,Post-Launch,-0.5088,-0.4581,51.5
mwn0zp8v9afj,8/4/2024 5:15,Sunday,YouTube,user_i6k7huo7,"Mumbai, India",hi,Pepsi CustomerFirst is excellent! Can't wait to see what's coming next. #Sustainable Let me know what you think!,#Sustainable,@IndustryExpert,"reliable, design, delivery, slow",Support,0.6683,Positive,Angry,0.7364,4859,1461,619,82045,0.08457,Pepsi,Pepsi Lime,LocalTouchpoints,Post-Launch,-0.6342,-0.2033,83.8
3itita1fbq1e,11/1/2024 14:16,Friday,YouTube,user_njtvacei,"Dubai, UAE",fr,"Just tried the Galaxy S25 from Samsung. Absolutely loving it. #Health, #Eco, #Travel Would love to get your feedback!","#Health, #Eco, #Travel","@TechHelp, @RetailSupport","outdated, design, eco-friendly",Pricing,0.5536,Positive,Confused,0.9897,2444,632,363,3453,0.99594,Samsung,Galaxy S25,BackToSchool,Launch,0.0352,0.4811,-3.7
tq6penfzk0zh,2/26/2025 18:16,Wednesday,Twitter,user_p21h3xrh,"Beijing, China",hi,My one month review of Microsoft Xbox Series X: It's okay. #Trending Curious about your experience too.,#Trending,"@RetailSupport, @ReviewSite","reliable, outdated",Support,0.065,Neutral,Confused,0.2624,2487,1651,464,30258,0.15209,Microsoft,Xbox Series X,LaunchWave,Post-Launch,0.3451,-0.1186,90.5
insiib05z27t,7/9/2024 10:43,Tuesday,Facebook,user_7q8p4w3c,"Munich, Germany",en,"What's your opinion about Pepsi's Crystal Pepsi? @TrendSetter, @CustomerService #Fitness Really interested in hearing your thoughts!",#Fitness,"@TrendSetter, @CustomerService","outdated, expensive, innovation, helpful",Product,0.7558,Positive,Sad,0.1292,3134,958,731,48680,0.09907,Pepsi,Crystal Pepsi,CyberMonday,Post-Launch,0.6693,0.2955,75.8
e6rc1tazqq8d,10/15/2024 5:55,Tuesday,Facebook,user_wxxcbas9,"Chicago, USA",fr,Amazon SpringBlast2025 is frustrating! Can't wait to see what's coming next. #Health Let me know what you think!,#Health,@InfluencerName,"cheap, disappointing, durable, outdated",Product,-0.2964,Negative,Sad,0.0081,896,308,949,78810,0.02731,Amazon,Ring Camera,FallCollection,Launch,0.0434,-0.1659,48
z33gsi0f3qzk,12/13/2024 18:06,Friday,YouTube,user_ul2vi1ic,"Johannesburg, South Africa",fr,Comparing Amazon Echo Dot to the competition. Not worth the money. #MustHave Really interested in hearing your thoughts!,#MustHave,@BrandSupport,"sustainable, quality",Returns,-0.7391,Negative,Excited,0.0575,3073,1101,964,68457,0.07505,Amazon,Echo Dot,DigitalTransformation,Launch,-0.3978,-0.0701,-95
y5s5uvkss1nb,9/19/2024 23:18,Thursday,Reddit,user_sgahdste,"Manchester, UK",pt,"Has anyone else experienced connectivity issues with Nike's Dri-FIT? Absolutely loving it. @NewsOutlet #Fitness, #CustomerService","#Fitness, #CustomerService",@NewsOutlet,"reliable, sustainable, improved",Product,0.4544,Positive,Excited,0.8924,3750,216,641,15193,0.30323,Nike,Dri-FIT,InnovationX,Post-Launch,0.5095,-0.0406,-8
i3okbf14iilu,3/13/2025 12:15,Thursday,Reddit,user_790dw1c4,"Vancouver, Canada",ru,"Just saw an ad for Adidas Ultraboost during the SpringBlast2025. Had issues with it. #Quality, #TrendAlert","#Quality, #TrendAlert",@CustomerService,"eco-friendly, helpful, budget",Product,-0.7748,Negative,Excited,0.7995,2264,862,106,41407,0.07805,Adidas,Ultraboost,ValentinesDeals,Pre-Launch,0.5378,-0.3747,89.5
hw285tvtxgjc,9/24/2024 7:21,Tuesday,Reddit,user_uj8uec7a,"Vancouver, Canada",fr,"Just tried the Coca-Cola Cherry from Coca-Cola. Wouldn't recommend. #Promo, #Exclusive, #ProductLaunch Curious about your experience too.","#Promo, #Exclusive, #ProductLaunch",,"slow, excellent, outdated, customer",Delivery,-0.7418,Negative,Confused,0.9167,3357,1756,799,46507,0.12712,Coca-Cola,Coca-Cola Cherry,CyberMonday,Post-Launch,-0.5029,0.3447,83.7
